timeStamp,elapsed,label,responseCode,responseMessage,threadName,dataType,success,failureMessage,bytes,sentBytes,grpThreads,allThreads,URL,Latency,IdleTime,Connect
1666287952809,367,Route 1,200,OK,Thread Group 1 1-1,text,true,,168,144,4,4,"http://localhost:8080/api/route1?id=1,2,3,4,5,6",366,0,3
1666287952915,589,Route 1,200,OK,Thread Group 1 1-2,text,true,,168,144,7,7,"http://localhost:8080/api/route1?id=1,2,3,4,5,6",589,0,1
1666287953008,899,Route 1,200,OK,Thread Group 1 1-3,text,true,,168,144,10,10,"http://localhost:8080/api/route1?id=1,2,3,4,5,6",898,0,1
1666287953111,1059,Route 1,200,OK,Thread Group 1 1-4,text,true,,168,144,10,10,"http://localhost:8080/api/route1?id=1,2,3,4,5,6",1059,0,3
1666287953208,1019,Route 1,200,OK,Thread Group 1 1-5,text,true,,168,144,10,10,"http://localhost:8080/api/route1?id=1,2,3,4,5,6",1019,0,2
1666287953310,1255,Route 1,200,OK,Thread Group 1 1-6,text,true,,168,144,10,10,"http://localhost:8080/api/route1?id=1,2,3,4,5,6",1255,0,1
1666287953413,1600,Route 1,200,OK,Thread Group 1 1-7,text,true,,168,144,10,10,"http://localhost:8080/api/route1?id=1,2,3,4,5,6",1600,0,2
1666287953610,1617,Route 1,200,OK,Thread Group 1 1-9,text,true,,168,144,10,10,"http://localhost:8080/api/route1?id=1,2,3,4,5,6",1617,0,2
1666287953514,1731,Route 1,200,OK,Thread Group 1 1-8,text,true,,168,144,10,10,"http://localhost:8080/api/route1?id=1,2,3,4,5,6",1731,0,4
1666287953711,1631,Route 1,200,OK,Thread Group 1 1-10,text,true,,168,144,10,10,"http://localhost:8080/api/route1?id=1,2,3,4,5,6",1631,0,2
1666287990148,365,Route 1,200,OK,Thread Group 1 1-1,text,true,,168,144,10,10,"http://localhost:8080/api/route1?id=1,2,3,4,5,6",365,0,0
1666287990809,460,Route 1,200,OK,Thread Group 1 1-2,text,true,,168,144,10,10,"http://localhost:8080/api/route1?id=1,2,3,4,5,6",460,0,0
1666287991286,446,Route 1,200,OK,Thread Group 1 1-3,text,true,,168,144,10,10,"http://localhost:8080/api/route1?id=1,2,3,4,5,6",446,0,0
1666287991541,436,Route 1,200,OK,Thread Group 1 1-4,text,true,,168,144,10,10,"http://localhost:8080/api/route1?id=1,2,3,4,5,6",436,0,0
1666288014253,384,Route 1,200,OK,Thread Group 1 1-5,text,true,,168,144,10,10,"http://localhost:8080/api/route1?id=1,2,3,4,5,6",384,0,2
1666288014567,382,Route 1,200,OK,Thread Group 1 1-6,text,true,,168,144,10,10,"http://localhost:8080/api/route1?id=1,2,3,4,5,6",382,0,3
1666288015017,540,Route 1,200,OK,Thread Group 1 1-7,text,true,,168,144,10,10,"http://localhost:8080/api/route1?id=1,2,3,4,5,6",539,0,2
1666288015251,864,Route 1,200,OK,Thread Group 1 1-8,text,true,,168,144,10,10,"http://localhost:8080/api/route1?id=1,2,3,4,5,6",864,0,2
1666288015230,906,Route 1,200,OK,Thread Group 1 1-9,text,true,,168,144,10,10,"http://localhost:8080/api/route1?id=1,2,3,4,5,6",905,0,2
1666288015351,905,Route 1,200,OK,Thread Group 1 1-10,text,true,,168,144,10,10,"http://localhost:8080/api/route1?id=1,2,3,4,5,6",905,0,4
1666288050554,423,Route 1,200,OK,Thread Group 1 1-1,text,true,,168,144,10,10,"http://localhost:8080/api/route1?id=1,2,3,4,5,6",423,0,3
1666288051273,375,Route 1,200,OK,Thread Group 1 1-2,text,true,,168,144,10,10,"http://localhost:8080/api/route1?id=1,2,3,4,5,6",375,0,2
1666288051735,433,Route 1,200,OK,Thread Group 1 1-3,text,true,,168,144,10,10,"http://localhost:8080/api/route1?id=1,2,3,4,5,6",433,0,1
1666288051982,492,Route 1,200,OK,Thread Group 1 1-4,text,true,,168,144,10,10,"http://localhost:8080/api/route1?id=1,2,3,4,5,6",492,0,2
1666288074662,447,Route 1,200,OK,Thread Group 1 1-5,text,true,,168,144,10,10,"http://localhost:8080/api/route1?id=1,2,3,4,5,6",447,0,2
1666288074954,450,Route 1,200,OK,Thread Group 1 1-6,text,true,,168,144,10,10,"http://localhost:8080/api/route1?id=1,2,3,4,5,6",450,0,4
1666288075563,660,Route 1,200,OK,Thread Group 1 1-7,text,true,,168,144,10,10,"http://localhost:8080/api/route1?id=1,2,3,4,5,6",660,0,3
1666288076120,835,Route 1,200,OK,Thread Group 1 1-8,text,true,,168,144,10,10,"http://localhost:8080/api/route1?id=1,2,3,4,5,6",835,0,2
1666288076148,841,Route 1,200,OK,Thread Group 1 1-9,text,true,,168,144,10,10,"http://localhost:8080/api/route1?id=1,2,3,4,5,6",841,0,3
1666288076262,758,Route 1,200,OK,Thread Group 1 1-10,text,true,,168,144,10,10,"http://localhost:8080/api/route1?id=1,2,3,4,5,6",758,0,3
1666288111016,391,Route 1,200,OK,Thread Group 1 1-1,text,true,,168,144,10,10,"http://localhost:8080/api/route1?id=1,2,3,4,5,6",391,0,5
1666288111653,354,Route 1,200,OK,Thread Group 1 1-2,text,true,,168,144,10,10,"http://localhost:8080/api/route1?id=1,2,3,4,5,6",354,0,4
1666288112172,475,Route 1,200,OK,Thread Group 1 1-3,text,true,,168,144,10,10,"http://localhost:8080/api/route1?id=1,2,3,4,5,6",475,0,2
1666288112477,444,Route 1,200,OK,Thread Group 1 1-4,text,true,,168,144,10,10,"http://localhost:8080/api/route1?id=1,2,3,4,5,6",444,0,2
1666288135130,417,Route 1,200,OK,Thread Group 1 1-5,text,true,,168,144,10,10,"http://localhost:8080/api/route1?id=1,2,3,4,5,6",417,0,2
1666288135409,440,Route 1,200,OK,Thread Group 1 1-6,text,true,,168,144,10,10,"http://localhost:8080/api/route1?id=1,2,3,4,5,6",440,0,2
1666288136228,372,Route 1,200,OK,Thread Group 1 1-7,text,true,,168,144,10,10,"http://localhost:8080/api/route1?id=1,2,3,4,5,6",372,0,1
1666288136960,733,Route 1,200,OK,Thread Group 1 1-8,text,true,,168,144,10,10,"http://localhost:8080/api/route1?id=1,2,3,4,5,6",733,0,2
1666288136995,760,Route 1,200,OK,Thread Group 1 1-9,text,true,,168,144,10,10,"http://localhost:8080/api/route1?id=1,2,3,4,5,6",760,0,3
1666288137026,778,Route 1,200,OK,Thread Group 1 1-10,text,true,,168,144,10,10,"http://localhost:8080/api/route1?id=1,2,3,4,5,6",778,0,2
1666288171448,388,Route 1,200,OK,Thread Group 1 1-1,text,true,,168,144,10,10,"http://localhost:8080/api/route1?id=1,2,3,4,5,6",388,0,4
1666288172011,418,Route 1,200,OK,Thread Group 1 1-2,text,true,,168,144,10,10,"http://localhost:8080/api/route1?id=1,2,3,4,5,6",418,0,1
1666288172654,426,Route 1,200,OK,Thread Group 1 1-3,text,true,,168,144,10,10,"http://localhost:8080/api/route1?id=1,2,3,4,5,6",426,0,2
1666288172927,412,Route 1,200,OK,Thread Group 1 1-4,text,true,,168,144,10,10,"http://localhost:8080/api/route1?id=1,2,3,4,5,6",412,0,2
1666288195574,473,Route 1,200,OK,Thread Group 1 1-5,text,true,,168,144,10,10,"http://localhost:8080/api/route1?id=1,2,3,4,5,6",473,0,2
1666288195854,493,Route 1,200,OK,Thread Group 1 1-6,text,true,,168,144,10,10,"http://localhost:8080/api/route1?id=1,2,3,4,5,6",493,0,2
1666288196605,418,Route 1,200,OK,Thread Group 1 1-7,text,true,,168,144,10,10,"http://localhost:8080/api/route1?id=1,2,3,4,5,6",417,0,3
1666288197697,740,Route 1,200,OK,Thread Group 1 1-8,text,true,,168,144,10,10,"http://localhost:8080/api/route1?id=1,2,3,4,5,6",740,0,2
1666288197758,796,Route 1,200,OK,Thread Group 1 1-9,text,true,,168,144,10,10,"http://localhost:8080/api/route1?id=1,2,3,4,5,6",796,0,2
1666288197807,757,Route 1,200,OK,Thread Group 1 1-10,text,true,,168,144,10,10,"http://localhost:8080/api/route1?id=1,2,3,4,5,6",757,0,1
1666288231871,361,Route 1,200,OK,Thread Group 1 1-1,text,true,,168,144,10,10,"http://localhost:8080/api/route1?id=1,2,3,4,5,6",361,0,3
1666288232433,355,Route 1,200,OK,Thread Group 1 1-2,text,true,,168,144,10,10,"http://localhost:8080/api/route1?id=1,2,3,4,5,6",355,0,2
1666288233083,380,Route 1,200,OK,Thread Group 1 1-3,text,true,,168,144,10,10,"http://localhost:8080/api/route1?id=1,2,3,4,5,6",380,0,2
1666288233344,399,Route 1,200,OK,Thread Group 1 1-4,text,true,,168,144,10,10,"http://localhost:8080/api/route1?id=1,2,3,4,5,6",399,0,2
1666288256072,431,Route 1,200,OK,Thread Group 1 1-5,text,true,,168,144,10,10,"http://localhost:8080/api/route1?id=1,2,3,4,5,6",431,0,1
1666288256353,414,Route 1,200,OK,Thread Group 1 1-6,text,true,,168,144,10,10,"http://localhost:8080/api/route1?id=1,2,3,4,5,6",414,0,4
1666288257026,424,Route 1,200,OK,Thread Group 1 1-7,text,true,,168,144,10,10,"http://localhost:8080/api/route1?id=1,2,3,4,5,6",424,0,2
1666288258445,640,Route 1,200,OK,Thread Group 1 1-8,text,true,,168,144,10,10,"http://localhost:8080/api/route1?id=1,2,3,4,5,6",640,0,2
1666288258572,654,Route 1,200,OK,Thread Group 1 1-10,text,true,,168,144,10,10,"http://localhost:8080/api/route1?id=1,2,3,4,5,6",654,0,2
1666288258561,683,Route 1,200,OK,Thread Group 1 1-9,text,true,,168,144,10,10,"http://localhost:8080/api/route1?id=1,2,3,4,5,6",683,0,3
1666288292277,483,Route 1,200,OK,Thread Group 1 1-1,text,true,,168,144,10,10,"http://localhost:8080/api/route1?id=1,2,3,4,5,6",483,0,4
1666288292793,400,Route 1,200,OK,Thread Group 1 1-2,text,true,,168,144,10,10,"http://localhost:8080/api/route1?id=1,2,3,4,5,6",400,0,7
1666288293470,456,Route 1,200,OK,Thread Group 1 1-3,text,true,,168,144,10,10,"http://localhost:8080/api/route1?id=1,2,3,4,5,6",456,0,1
1666288293749,468,Route 1,200,OK,Thread Group 1 1-4,text,true,,168,144,10,10,"http://localhost:8080/api/route1?id=1,2,3,4,5,6",468,0,2
1666288316529,499,Route 1,200,OK,Thread Group 1 1-5,text,true,,168,144,10,10,"http://localhost:8080/api/route1?id=1,2,3,4,5,6",499,0,2
1666288316772,490,Route 1,200,OK,Thread Group 1 1-6,text,true,,168,144,10,10,"http://localhost:8080/api/route1?id=1,2,3,4,5,6",490,0,2
1666288317457,437,Route 1,200,OK,Thread Group 1 1-7,text,true,,168,144,10,10,"http://localhost:8080/api/route1?id=1,2,3,4,5,6",437,0,2
1666288319094,685,Route 1,200,OK,Thread Group 1 1-8,text,true,,168,144,10,10,"http://localhost:8080/api/route1?id=1,2,3,4,5,6",685,0,2
1666288319249,730,Route 1,200,OK,Thread Group 1 1-9,text,true,,168,144,10,10,"http://localhost:8080/api/route1?id=1,2,3,4,5,6",730,0,3
1666288319230,756,Route 1,200,OK,Thread Group 1 1-10,text,true,,168,144,10,10,"http://localhost:8080/api/route1?id=1,2,3,4,5,6",756,0,2
1666288352790,421,Route 1,200,OK,Thread Group 1 1-1,text,true,,168,144,10,10,"http://localhost:8080/api/route1?id=1,2,3,4,5,6",421,0,3
1666288353205,432,Route 1,200,OK,Thread Group 1 1-2,text,true,,168,144,10,10,"http://localhost:8080/api/route1?id=1,2,3,4,5,6",432,0,3
1666288353937,487,Route 1,200,OK,Thread Group 1 1-3,text,true,,168,144,10,10,"http://localhost:8080/api/route1?id=1,2,3,4,5,6",487,0,1
1666288354221,523,Route 1,200,OK,Thread Group 1 1-4,text,true,,168,144,10,10,"http://localhost:8080/api/route1?id=1,2,3,4,5,6",523,0,1
1666288377052,606,Route 1,200,OK,Thread Group 1 1-5,text,true,,168,144,10,10,"http://localhost:8080/api/route1?id=1,2,3,4,5,6",606,0,2
1666288377266,614,Route 1,200,OK,Thread Group 1 1-6,text,true,,168,144,10,10,"http://localhost:8080/api/route1?id=1,2,3,4,5,6",614,0,2
1666288377897,380,Route 1,200,OK,Thread Group 1 1-7,text,true,,168,144,10,10,"http://localhost:8080/api/route1?id=1,2,3,4,5,6",380,0,3
1666288379783,658,Route 1,200,OK,Thread Group 1 1-8,text,true,,168,144,10,10,"http://localhost:8080/api/route1?id=1,2,3,4,5,6",658,0,1
1666288379988,750,Route 1,200,OK,Thread Group 1 1-10,text,true,,168,144,10,10,"http://localhost:8080/api/route1?id=1,2,3,4,5,6",750,0,2
1666288379983,765,Route 1,200,OK,Thread Group 1 1-9,text,true,,168,144,10,10,"http://localhost:8080/api/route1?id=1,2,3,4,5,6",765,0,1
1666288413257,434,Route 1,200,OK,Thread Group 1 1-1,text,true,,168,144,10,10,"http://localhost:8080/api/route1?id=1,2,3,4,5,6",434,0,6
1666288413642,409,Route 1,200,OK,Thread Group 1 1-2,text,true,,168,144,10,10,"http://localhost:8080/api/route1?id=1,2,3,4,5,6",409,0,1
1666288414427,430,Route 1,200,OK,Thread Group 1 1-3,text,true,,168,144,10,10,"http://localhost:8080/api/route1?id=1,2,3,4,5,6",430,0,1
1666288414748,429,Route 1,200,OK,Thread Group 1 1-4,text,true,,168,144,10,10,"http://localhost:8080/api/route1?id=1,2,3,4,5,6",429,0,2
1666288437682,442,Route 1,200,OK,Thread Group 1 1-5,text,true,,168,144,10,10,"http://localhost:8080/api/route1?id=1,2,3,4,5,6",442,0,4
1666288437885,539,Route 1,200,OK,Thread Group 1 1-6,text,true,,168,144,10,10,"http://localhost:8080/api/route1?id=1,2,3,4,5,6",539,0,3
1666288438283,454,Route 1,200,OK,Thread Group 1 1-7,text,true,,168,144,10,10,"http://localhost:8080/api/route1?id=1,2,3,4,5,6",454,0,1
1666288440453,660,Route 1,200,OK,Thread Group 1 1-8,text,true,,168,144,10,10,"http://localhost:8080/api/route1?id=1,2,3,4,5,6",660,0,4
1666288440745,851,Route 1,200,OK,Thread Group 1 1-10,text,true,,168,144,10,10,"http://localhost:8080/api/route1?id=1,2,3,4,5,6",851,0,2
1666288440756,851,Route 1,200,OK,Thread Group 1 1-9,text,true,,168,144,10,10,"http://localhost:8080/api/route1?id=1,2,3,4,5,6",851,0,1
1666288473730,535,Route 1,200,OK,Thread Group 1 1-1,text,true,,168,144,10,10,"http://localhost:8080/api/route1?id=1,2,3,4,5,6",535,0,5
1666288474054,550,Route 1,200,OK,Thread Group 1 1-2,text,true,,168,144,10,10,"http://localhost:8080/api/route1?id=1,2,3,4,5,6",550,0,2
1666288474864,547,Route 1,200,OK,Thread Group 1 1-3,text,true,,168,144,10,10,"http://localhost:8080/api/route1?id=1,2,3,4,5,6",547,0,2
1666288475196,585,Route 1,200,OK,Thread Group 1 1-4,text,true,,168,144,10,10,"http://localhost:8080/api/route1?id=1,2,3,4,5,6",585,0,1
1666288498161,1187,Route 1,200,OK,Thread Group 1 1-5,text,true,,168,144,10,10,"http://localhost:8080/api/route1?id=1,2,3,4,5,6",1187,0,2
1666288498432,1252,Route 1,200,OK,Thread Group 1 1-6,text,true,,168,144,10,10,"http://localhost:8080/api/route1?id=1,2,3,4,5,6",1252,0,4
1666288498748,1077,Route 1,200,OK,Thread Group 1 1-7,text,true,,168,144,10,10,"http://localhost:8080/api/route1?id=1,2,3,4,5,6",1076,0,2
1666288501119,729,Route 1,200,OK,Thread Group 1 1-8,text,true,,168,144,10,10,"http://localhost:8080/api/route1?id=1,2,3,4,5,6",729,0,2
1666288501612,947,Route 1,200,OK,Thread Group 1 1-9,text,true,,168,144,10,10,"http://localhost:8080/api/route1?id=1,2,3,4,5,6",947,0,2
1666288501603,976,Route 1,200,OK,Thread Group 1 1-10,text,true,,168,144,10,10,"http://localhost:8080/api/route1?id=1,2,3,4,5,6",976,0,2
1666288534314,903,Route 1,200,OK,Thread Group 1 1-1,text,true,,168,144,10,10,"http://localhost:8080/api/route1?id=1,2,3,4,5,6",903,0,7
1666288534609,819,Route 1,200,OK,Thread Group 1 1-2,text,true,,168,144,10,10,"http://localhost:8080/api/route1?id=1,2,3,4,5,6",819,0,2
1666288535421,820,Route 1,200,OK,Thread Group 1 1-3,text,true,,168,144,10,10,"http://localhost:8080/api/route1?id=1,2,3,4,5,6",820,0,2
1666288535788,809,Route 1,200,OK,Thread Group 1 1-4,text,true,,168,144,10,10,"http://localhost:8080/api/route1?id=1,2,3,4,5,6",809,0,2
1666288559387,793,Route 1,200,OK,Thread Group 1 1-5,text,true,,168,144,10,10,"http://localhost:8080/api/route1?id=1,2,3,4,5,6",793,0,2
1666288559717,1029,Route 1,200,OK,Thread Group 1 1-6,text,true,,168,144,10,10,"http://localhost:8080/api/route1?id=1,2,3,4,5,6",1028,0,2
1666288559828,956,Route 1,200,OK,Thread Group 1 1-7,text,true,,168,144,10,10,"http://localhost:8080/api/route1?id=1,2,3,4,5,6",956,0,2
1666288561859,636,Route 1,200,OK,Thread Group 1 1-8,text,true,,168,144,10,10,"http://localhost:8080/api/route1?id=1,2,3,4,5,6",636,0,3
1666288562581,933,Route 1,200,OK,Thread Group 1 1-9,text,true,,168,144,10,10,"http://localhost:8080/api/route1?id=1,2,3,4,5,6",933,0,2
1666288562594,928,Route 1,200,OK,Thread Group 1 1-10,text,true,,168,144,10,10,"http://localhost:8080/api/route1?id=1,2,3,4,5,6",928,0,1
1666288595252,849,Route 1,200,OK,Thread Group 1 1-1,text,true,,168,144,10,10,"http://localhost:8080/api/route1?id=1,2,3,4,5,6",849,0,3
1666288595438,858,Route 1,200,OK,Thread Group 1 1-2,text,true,,168,144,10,10,"http://localhost:8080/api/route1?id=1,2,3,4,5,6",858,0,2
1666288596247,750,Route 1,200,OK,Thread Group 1 1-3,text,true,,168,144,10,10,"http://localhost:8080/api/route1?id=1,2,3,4,5,6",750,0,24
1666288596602,727,Route 1,200,OK,Thread Group 1 1-4,text,true,,168,144,10,10,"http://localhost:8080/api/route1?id=1,2,3,4,5,6",727,0,1
1666288620191,580,Route 1,200,OK,Thread Group 1 1-5,text,true,,168,144,10,10,"http://localhost:8080/api/route1?id=1,2,3,4,5,6",580,0,2
1666288620757,912,Route 1,200,OK,Thread Group 1 1-6,text,true,,168,144,10,10,"http://localhost:8080/api/route1?id=1,2,3,4,5,6",912,0,1
1666288620793,877,Route 1,200,OK,Thread Group 1 1-7,text,true,,168,144,10,10,"http://localhost:8080/api/route1?id=1,2,3,4,5,6",876,0,2
1666288622501,495,Route 1,200,OK,Thread Group 1 1-8,text,true,,168,144,10,10,"http://localhost:8080/api/route1?id=1,2,3,4,5,6",495,0,2
1666288623527,758,Route 1,200,OK,Thread Group 1 1-10,text,true,,168,144,10,10,"http://localhost:8080/api/route1?id=1,2,3,4,5,6",758,0,2
1666288623523,765,Route 1,200,OK,Thread Group 1 1-9,text,true,,168,144,10,10,"http://localhost:8080/api/route1?id=1,2,3,4,5,6",765,0,2
1666288656132,572,Route 1,200,OK,Thread Group 1 1-1,text,true,,168,144,10,10,"http://localhost:8080/api/route1?id=1,2,3,4,5,6",572,0,3
1666288656300,522,Route 1,200,OK,Thread Group 1 1-2,text,true,,168,144,10,10,"http://localhost:8080/api/route1?id=1,2,3,4,5,6",522,0,1
1666288657003,632,Route 1,200,OK,Thread Group 1 1-3,text,true,,168,144,10,10,"http://localhost:8080/api/route1?id=1,2,3,4,5,6",632,0,5
1666288657342,559,Route 1,200,OK,Thread Group 1 1-4,text,true,,168,144,10,10,"http://localhost:8080/api/route1?id=1,2,3,4,5,6",559,0,1
1666288680801,550,Route 1,200,OK,Thread Group 1 1-5,text,true,,168,144,10,10,"http://localhost:8080/api/route1?id=1,2,3,4,5,6",550,0,2
1666288681676,567,Route 1,200,OK,Thread Group 1 1-6,text,true,,168,144,10,10,"http://localhost:8080/api/route1?id=1,2,3,4,5,6",567,0,5
1666288681676,580,Route 1,200,OK,Thread Group 1 1-7,text,true,,168,144,10,10,"http://localhost:8080/api/route1?id=1,2,3,4,5,6",580,0,5
1666288683003,386,Route 1,200,OK,Thread Group 1 1-8,text,true,,168,144,10,10,"http://localhost:8080/api/route1?id=1,2,3,4,5,6",386,0,2
1666288684294,622,Route 1,200,OK,Thread Group 1 1-10,text,true,,168,144,10,10,"http://localhost:8080/api/route1?id=1,2,3,4,5,6",622,0,4
1666288684294,632,Route 1,200,OK,Thread Group 1 1-9,text,true,,168,144,10,10,"http://localhost:8080/api/route1?id=1,2,3,4,5,6",632,0,3
1666288716732,628,Route 1,200,OK,Thread Group 1 1-1,text,true,,168,144,10,10,"http://localhost:8080/api/route1?id=1,2,3,4,5,6",628,0,3
1666288716829,648,Route 1,200,OK,Thread Group 1 1-2,text,true,,168,144,10,10,"http://localhost:8080/api/route1?id=1,2,3,4,5,6",648,0,2
1666288717640,481,Route 1,200,OK,Thread Group 1 1-3,text,true,,168,144,10,10,"http://localhost:8080/api/route1?id=1,2,3,4,5,6",481,0,2
1666288717907,453,Route 1,200,OK,Thread Group 1 1-4,text,true,,168,144,10,10,"http://localhost:8080/api/route1?id=1,2,3,4,5,6",453,0,2
1666288741372,406,Route 1,200,OK,Thread Group 1 1-5,text,true,,168,144,10,10,"http://localhost:8080/api/route1?id=1,2,3,4,5,6",406,0,3
1666288742260,683,Route 1,200,OK,Thread Group 1 1-7,text,true,,168,144,10,10,"http://localhost:8080/api/route1?id=1,2,3,4,5,6",683,0,2
1666288742247,699,Route 1,200,OK,Thread Group 1 1-6,text,true,,168,144,10,10,"http://localhost:8080/api/route1?id=1,2,3,4,5,6",699,0,2
1666288743393,405,Route 1,200,OK,Thread Group 1 1-8,text,true,,168,144,10,10,"http://localhost:8080/api/route1?id=1,2,3,4,5,6",405,0,2
1666288744923,562,Route 1,200,OK,Thread Group 1 1-10,text,true,,168,144,10,10,"http://localhost:8080/api/route1?id=1,2,3,4,5,6",562,0,3
1666288744936,592,Route 1,200,OK,Thread Group 1 1-9,text,true,,168,144,10,10,"http://localhost:8080/api/route1?id=1,2,3,4,5,6",592,0,3
1666288777393,591,Route 1,200,OK,Thread Group 1 1-1,text,true,,168,144,10,10,"http://localhost:8080/api/route1?id=1,2,3,4,5,6",591,0,6
1666288777481,568,Route 1,200,OK,Thread Group 1 1-2,text,true,,168,144,10,10,"http://localhost:8080/api/route1?id=1,2,3,4,5,6",568,0,2
1666288778127,450,Route 1,200,OK,Thread Group 1 1-3,text,true,,168,144,10,10,"http://localhost:8080/api/route1?id=1,2,3,4,5,6",450,0,5
1666288778365,488,Route 1,200,OK,Thread Group 1 1-4,text,true,,168,144,10,10,"http://localhost:8080/api/route1?id=1,2,3,4,5,6",488,0,2
1666288801802,371,Route 1,200,OK,Thread Group 1 1-5,text,true,,168,144,10,10,"http://localhost:8080/api/route1?id=1,2,3,4,5,6",371,0,1
1666288802950,582,Route 1,200,OK,Thread Group 1 1-6,text,true,,168,144,10,10,"http://localhost:8080/api/route1?id=1,2,3,4,5,6",582,0,3
1666288802948,624,Route 1,200,OK,Thread Group 1 1-7,text,true,,168,144,10,10,"http://localhost:8080/api/route1?id=1,2,3,4,5,6",624,0,1
1666288803803,396,Route 1,200,OK,Thread Group 1 1-8,text,true,,168,144,10,10,"http://localhost:8080/api/route1?id=1,2,3,4,5,6",396,0,1
1666288805492,830,Route 1,200,OK,Thread Group 1 1-10,text,true,,168,144,10,10,"http://localhost:8080/api/route1?id=1,2,3,4,5,6",830,0,2
1666288805535,808,Route 1,200,OK,Thread Group 1 1-9,text,true,,168,144,10,10,"http://localhost:8080/api/route1?id=1,2,3,4,5,6",808,0,5
1666288838052,723,Route 1,200,OK,Thread Group 1 1-2,text,true,,168,144,10,10,"http://localhost:8080/api/route1?id=1,2,3,4,5,6",723,0,1
1666288838022,773,Route 1,200,OK,Thread Group 1 1-1,text,true,,168,144,10,10,"http://localhost:8080/api/route1?id=1,2,3,4,5,6",773,0,5
1666288838581,731,Route 1,200,OK,Thread Group 1 1-3,text,true,,168,144,10,10,"http://localhost:8080/api/route1?id=1,2,3,4,5,6",731,0,1
1666288838863,604,Route 1,200,OK,Thread Group 1 1-4,text,true,,168,144,10,10,"http://localhost:8080/api/route1?id=1,2,3,4,5,6",604,0,4
1666288862194,508,Route 1,200,OK,Thread Group 1 1-5,text,true,,168,144,10,10,"http://localhost:8080/api/route1?id=1,2,3,4,5,6",508,0,6
1666288863541,636,Route 1,200,OK,Thread Group 1 1-6,text,true,,168,144,10,10,"http://localhost:8080/api/route1?id=1,2,3,4,5,6",636,0,3
1666288863577,601,Route 1,200,OK,Thread Group 1 1-7,text,true,,168,144,10,10,"http://localhost:8080/api/route1?id=1,2,3,4,5,6",601,0,2
1666288864207,378,Route 1,200,OK,Thread Group 1 1-8,text,true,,168,144,10,10,"http://localhost:8080/api/route1?id=1,2,3,4,5,6",378,0,4
1666288866331,566,Route 1,200,OK,Thread Group 1 1-10,text,true,,168,144,10,10,"http://localhost:8080/api/route1?id=1,2,3,4,5,6",566,0,1
1666288866348,590,Route 1,200,OK,Thread Group 1 1-9,text,true,,168,144,10,10,"http://localhost:8080/api/route1?id=1,2,3,4,5,6",590,0,2
1666288898813,579,Route 1,200,OK,Thread Group 1 1-2,text,true,,168,144,10,10,"http://localhost:8080/api/route1?id=1,2,3,4,5,6",579,0,3
1666288898813,603,Route 1,200,OK,Thread Group 1 1-1,text,true,,168,144,10,10,"http://localhost:8080/api/route1?id=1,2,3,4,5,6",603,0,3
1666288899316,680,Route 1,200,OK,Thread Group 1 1-3,text,true,,168,144,10,10,"http://localhost:8080/api/route1?id=1,2,3,4,5,6",680,0,2
1666288899471,606,Route 1,200,OK,Thread Group 1 1-4,text,true,,168,144,10,10,"http://localhost:8080/api/route1?id=1,2,3,4,5,6",606,0,2
1666288922721,411,Route 1,200,OK,Thread Group 1 1-5,text,true,,168,144,10,10,"http://localhost:8080/api/route1?id=1,2,3,4,5,6",411,0,2
1666288924183,717,Route 1,200,OK,Thread Group 1 1-6,text,true,,168,144,10,10,"http://localhost:8080/api/route1?id=1,2,3,4,5,6",716,0,1
1666288924183,768,Route 1,200,OK,Thread Group 1 1-7,text,true,,168,144,10,10,"http://localhost:8080/api/route1?id=1,2,3,4,5,6",768,0,1
1666288924590,612,Route 1,200,OK,Thread Group 1 1-8,text,true,,168,144,10,10,"http://localhost:8080/api/route1?id=1,2,3,4,5,6",612,0,2
1666288926903,621,Route 1,200,OK,Thread Group 1 1-10,text,true,,168,144,10,10,"http://localhost:8080/api/route1?id=1,2,3,4,5,6",621,0,3
1666288926942,661,Route 1,200,OK,Thread Group 1 1-9,text,true,,168,144,10,10,"http://localhost:8080/api/route1?id=1,2,3,4,5,6",661,0,4
1666288959421,599,Route 1,200,OK,Thread Group 1 1-1,text,true,,168,144,10,10,"http://localhost:8080/api/route1?id=1,2,3,4,5,6",599,0,4
1666288959422,598,Route 1,200,OK,Thread Group 1 1-2,text,true,,168,144,10,10,"http://localhost:8080/api/route1?id=1,2,3,4,5,6",598,0,3
1666288960003,584,Route 1,200,OK,Thread Group 1 1-3,text,true,,168,144,10,10,"http://localhost:8080/api/route1?id=1,2,3,4,5,6",584,0,2
1666288960080,591,Route 1,200,OK,Thread Group 1 1-4,text,true,,168,144,10,10,"http://localhost:8080/api/route1?id=1,2,3,4,5,6",591,0,5
1666288983153,417,Route 1,200,OK,Thread Group 1 1-5,text,true,,168,144,10,10,"http://localhost:8080/api/route1?id=1,2,3,4,5,6",417,0,3
1666288984903,739,Route 1,200,OK,Thread Group 1 1-6,text,true,,168,144,10,10,"http://localhost:8080/api/route1?id=1,2,3,4,5,6",739,0,4
1666288984956,721,Route 1,200,OK,Thread Group 1 1-7,text,true,,168,144,10,10,"http://localhost:8080/api/route1?id=1,2,3,4,5,6",721,0,2
1666288985210,701,Route 1,200,OK,Thread Group 1 1-8,text,true,,168,144,10,10,"http://localhost:8080/api/route1?id=1,2,3,4,5,6",701,0,2
1666288987532,576,Route 1,200,OK,Thread Group 1 1-10,text,true,,168,144,10,10,"http://localhost:8080/api/route1?id=1,2,3,4,5,6",576,0,2
1666288987615,582,Route 1,200,OK,Thread Group 1 1-9,text,true,,168,144,10,10,"http://localhost:8080/api/route1?id=1,2,3,4,5,6",582,0,4
1666289020062,651,Route 1,200,OK,Thread Group 1 1-1,text,true,,168,144,10,10,"http://localhost:8080/api/route1?id=1,2,3,4,5,6",651,0,3
1666289020059,688,Route 1,200,OK,Thread Group 1 1-2,text,true,,168,144,10,10,"http://localhost:8080/api/route1?id=1,2,3,4,5,6",688,0,5
1666289020601,854,Route 1,200,OK,Thread Group 1 1-3,text,true,,168,144,10,10,"http://localhost:8080/api/route1?id=1,2,3,4,5,6",854,0,4
1666289020676,826,Route 1,200,OK,Thread Group 1 1-4,text,true,,168,144,10,10,"http://localhost:8080/api/route1?id=1,2,3,4,5,6",826,0,2
1666289043596,409,Route 1,200,OK,Thread Group 1 1-5,text,true,,168,144,10,10,"http://localhost:8080/api/route1?id=1,2,3,4,5,6",409,0,2
1666289045650,907,Route 1,200,OK,Thread Group 1 1-6,text,true,,168,144,10,10,"http://localhost:8080/api/route1?id=1,2,3,4,5,6",907,0,1
1666289045682,1044,Route 1,200,OK,Thread Group 1 1-7,text,true,,168,144,10,10,"http://localhost:8080/api/route1?id=1,2,3,4,5,6",1044,0,3
1666289045919,844,Route 1,200,OK,Thread Group 1 1-8,text,true,,168,144,10,10,"http://localhost:8080/api/route1?id=1,2,3,4,5,6",844,0,1
1666289048113,570,Route 1,200,OK,Thread Group 1 1-10,text,true,,168,144,10,10,"http://localhost:8080/api/route1?id=1,2,3,4,5,6",570,0,2
1666289048202,641,Route 1,200,OK,Thread Group 1 1-9,text,true,,168,144,10,10,"http://localhost:8080/api/route1?id=1,2,3,4,5,6",641,0,3
1666289080759,761,Route 1,200,OK,Thread Group 1 1-2,text,true,,168,144,10,10,"http://localhost:8080/api/route1?id=1,2,3,4,5,6",761,0,6
1666289080755,798,Route 1,200,OK,Thread Group 1 1-1,text,true,,168,144,10,10,"http://localhost:8080/api/route1?id=1,2,3,4,5,6",798,0,11
1666289081461,672,Route 1,200,OK,Thread Group 1 1-3,text,true,,168,144,10,10,"http://localhost:8080/api/route1?id=1,2,3,4,5,6",672,0,3
1666289081512,631,Route 1,200,OK,Thread Group 1 1-4,text,true,,168,144,10,10,"http://localhost:8080/api/route1?id=1,2,3,4,5,6",631,0,3
1666289104032,326,Route 1,200,OK,Thread Group 1 1-5,text,true,,168,144,10,10,"http://localhost:8080/api/route1?id=1,2,3,4,5,6",326,0,1
1666289106561,307,Route 1,200,OK,Thread Group 1 1-6,text,true,,168,144,10,10,"http://localhost:8080/api/route1?id=1,2,3,4,5,6",307,0,1
1666289106732,381,Route 1,200,OK,Thread Group 1 1-7,text,true,,168,144,10,10,"http://localhost:8080/api/route1?id=1,2,3,4,5,6",380,0,1
1666289106771,383,Route 1,200,OK,Thread Group 1 1-8,text,true,,168,144,10,10,"http://localhost:8080/api/route1?id=1,2,3,4,5,6",383,0,2
1666289108686,247,Route 1,200,OK,Thread Group 1 1-10,text,true,,168,144,10,10,"http://localhost:8080/api/route1?id=1,2,3,4,5,6",247,0,2
1666289108855,246,Route 1,200,OK,Thread Group 1 1-9,text,true,,168,144,10,10,"http://localhost:8080/api/route1?id=1,2,3,4,5,6",246,0,2
