timeStamp,elapsed,label,responseCode,responseMessage,threadName,dataType,success,failureMessage,bytes,sentBytes,grpThreads,allThreads,URL,Latency,IdleTime,Connect
1666289292230,10,Route 1,200,OK,Thread Group 1 1-1,text,true,,178,144,1,1,"http://localhost:8080/api/route1?id=1,2,3,4,5,6",10,0,2
1666289292258,6,Route 1,200,OK,Thread Group 1 1-1,text,true,,178,144,1,1,"http://localhost:8080/api/route1?id=1,2,3,4,5,6",6,0,1
1666289292279,5,Route 1,200,OK,Thread Group 1 1-1,text,true,,178,144,1,1,"http://localhost:8080/api/route1?id=1,2,3,4,5,6",5,0,1
1666289292299,6,Route 1,200,OK,Thread Group 1 1-1,text,true,,178,144,1,1,"http://localhost:8080/api/route1?id=1,2,3,4,5,6",5,0,1
1666289292321,6,Route 1,200,OK,Thread Group 1 1-1,text,true,,178,144,1,1,"http://localhost:8080/api/route1?id=1,2,3,4,5,6",5,0,1
1666289292336,12,Route 1,200,OK,Thread Group 1 1-2,text,true,,178,144,2,2,"http://localhost:8080/api/route1?id=1,2,3,4,5,6",12,0,1
1666289292345,10,Route 1,200,OK,Thread Group 1 1-1,text,true,,178,144,2,2,"http://localhost:8080/api/route1?id=1,2,3,4,5,6",9,0,1
1666289292380,6,Route 1,200,OK,Thread Group 1 1-2,text,true,,178,144,2,2,"http://localhost:8080/api/route1?id=1,2,3,4,5,6",6,0,2
1666289292382,7,Route 1,200,OK,Thread Group 1 1-1,text,true,,178,144,2,2,"http://localhost:8080/api/route1?id=1,2,3,4,5,6",7,0,1
1666289292414,6,Route 1,200,OK,Thread Group 1 1-2,text,true,,178,144,2,2,"http://localhost:8080/api/route1?id=1,2,3,4,5,6",6,0,1
1666289292415,8,Route 1,200,OK,Thread Group 1 1-1,text,true,,178,144,2,2,"http://localhost:8080/api/route1?id=1,2,3,4,5,6",8,0,1
1666289292444,13,Route 1,200,OK,Thread Group 1 1-3,text,true,,178,144,3,3,"http://localhost:8080/api/route1?id=1,2,3,4,5,6",13,0,1
1666289292447,15,Route 1,200,OK,Thread Group 1 1-2,text,true,,178,144,3,3,"http://localhost:8080/api/route1?id=1,2,3,4,5,6",15,0,2
1666289292454,9,Route 1,200,OK,Thread Group 1 1-1,text,true,,178,144,3,3,"http://localhost:8080/api/route1?id=1,2,3,4,5,6",9,0,1
1666289292489,22,Route 1,200,OK,Thread Group 1 1-3,text,true,,178,144,3,3,"http://localhost:8080/api/route1?id=1,2,3,4,5,6",22,0,1
1666289292491,21,Route 1,200,OK,Thread Group 1 1-2,text,true,,178,144,3,3,"http://localhost:8080/api/route1?id=1,2,3,4,5,6",21,0,1
1666289292509,13,Route 1,200,OK,Thread Group 1 1-1,text,true,,178,144,3,3,"http://localhost:8080/api/route1?id=1,2,3,4,5,6",12,0,1
1666289292528,39,Route 1,200,OK,Thread Group 1 1-4,text,true,,178,144,4,4,"http://localhost:8080/api/route1?id=1,2,3,4,5,6",39,0,1
1666289292543,31,Route 1,200,OK,Thread Group 1 1-2,text,true,,178,144,4,4,"http://localhost:8080/api/route1?id=1,2,3,4,5,6",31,0,1
1666289292560,23,Route 1,200,OK,Thread Group 1 1-1,text,true,,178,144,4,4,"http://localhost:8080/api/route1?id=1,2,3,4,5,6",23,0,1
1666289292566,37,Route 1,200,OK,Thread Group 1 1-3,text,true,,178,144,4,4,"http://localhost:8080/api/route1?id=1,2,3,4,5,6",37,0,1
1666289292604,29,Route 1,200,OK,Thread Group 1 1-4,text,true,,178,144,5,5,"http://localhost:8080/api/route1?id=1,2,3,4,5,6",18,0,1
1666289292614,30,Route 1,200,OK,Thread Group 1 1-2,text,true,,178,144,5,5,"http://localhost:8080/api/route1?id=1,2,3,4,5,6",29,0,1
1666289292619,35,Route 1,200,OK,Thread Group 1 1-1,text,true,,178,144,5,5,"http://localhost:8080/api/route1?id=1,2,3,4,5,6",35,0,1
1666289292628,32,Route 1,200,OK,Thread Group 1 1-5,text,true,,178,144,5,5,"http://localhost:8080/api/route1?id=1,2,3,4,5,6",32,0,2
1666289292654,32,Route 1,200,OK,Thread Group 1 1-3,text,true,,178,144,5,5,"http://localhost:8080/api/route1?id=1,2,3,4,5,6",32,0,1
1666289292697,41,Route 1,200,OK,Thread Group 1 1-4,text,true,,178,144,6,6,"http://localhost:8080/api/route1?id=1,2,3,4,5,6",41,0,1
1666289292703,36,Route 1,200,OK,Thread Group 1 1-2,text,true,,178,144,6,6,"http://localhost:8080/api/route1?id=1,2,3,4,5,6",36,0,1
1666289292704,41,Route 1,200,OK,Thread Group 1 1-1,text,true,,178,144,6,6,"http://localhost:8080/api/route1?id=1,2,3,4,5,6",40,0,1
1666289292730,18,Route 1,200,OK,Thread Group 1 1-6,text,true,,178,144,6,6,"http://localhost:8080/api/route1?id=1,2,3,4,5,6",18,0,1
1666289292733,17,Route 1,200,OK,Thread Group 1 1-5,text,true,,178,144,6,6,"http://localhost:8080/api/route1?id=1,2,3,4,5,6",16,0,1
1666289292733,21,Route 1,200,OK,Thread Group 1 1-3,text,true,,178,144,6,6,"http://localhost:8080/api/route1?id=1,2,3,4,5,6",21,0,1
1666289292778,67,Route 1,200,OK,Thread Group 1 1-4,text,true,,178,144,7,7,"http://localhost:8080/api/route1?id=1,2,3,4,5,6",67,0,1
1666289292783,63,Route 1,200,OK,Thread Group 1 1-2,text,true,,178,144,7,7,"http://localhost:8080/api/route1?id=1,2,3,4,5,6",63,0,1
1666289292806,44,Route 1,200,OK,Thread Group 1 1-1,text,true,,178,144,7,7,"http://localhost:8080/api/route1?id=1,2,3,4,5,6",43,0,1
1666289292814,39,Route 1,200,OK,Thread Group 1 1-6,text,true,,178,144,7,7,"http://localhost:8080/api/route1?id=1,2,3,4,5,6",39,0,1
1666289292828,29,Route 1,200,OK,Thread Group 1 1-7,text,true,,178,144,7,7,"http://localhost:8080/api/route1?id=1,2,3,4,5,6",28,0,1
1666289292838,22,Route 1,200,OK,Thread Group 1 1-5,text,true,,178,144,7,7,"http://localhost:8080/api/route1?id=1,2,3,4,5,6",22,0,1
1666289292844,20,Route 1,200,OK,Thread Group 1 1-3,text,true,,178,144,7,7,"http://localhost:8080/api/route1?id=1,2,3,4,5,6",20,0,1
1666289292886,86,Route 1,200,OK,Thread Group 1 1-4,text,true,,178,144,8,8,"http://localhost:8080/api/route1?id=1,2,3,4,5,6",86,0,1
1666289292909,69,Route 1,200,OK,Thread Group 1 1-2,text,true,,178,144,8,8,"http://localhost:8080/api/route1?id=1,2,3,4,5,6",69,0,1
1666289292928,57,Route 1,200,OK,Thread Group 1 1-1,text,true,,178,144,8,8,"http://localhost:8080/api/route1?id=1,2,3,4,5,6",57,0,1
1666289292928,63,Route 1,200,OK,Thread Group 1 1-8,text,true,,178,144,8,8,"http://localhost:8080/api/route1?id=1,2,3,4,5,6",62,0,1
1666289292950,50,Route 1,200,OK,Thread Group 1 1-6,text,true,,178,144,8,8,"http://localhost:8080/api/route1?id=1,2,3,4,5,6",50,0,1
1666289292953,60,Route 1,200,OK,Thread Group 1 1-7,text,true,,178,144,8,8,"http://localhost:8080/api/route1?id=1,2,3,4,5,6",59,0,1
1666289292970,54,Route 1,200,OK,Thread Group 1 1-5,text,true,,178,144,8,8,"http://localhost:8080/api/route1?id=1,2,3,4,5,6",54,0,1
1666289292977,62,Route 1,200,OK,Thread Group 1 1-3,text,true,,178,144,9,9,"http://localhost:8080/api/route1?id=1,2,3,4,5,6",61,0,1
1666289293028,116,Route 1,200,OK,Thread Group 1 1-9,text,true,,178,144,10,10,"http://localhost:8080/api/route1?id=1,2,3,4,5,6",116,0,2
1666289293048,109,Route 1,200,OK,Thread Group 1 1-4,text,true,,178,144,10,10,"http://localhost:8080/api/route1?id=1,2,3,4,5,6",109,0,1
1666289293081,80,Route 1,200,OK,Thread Group 1 1-2,text,true,,178,144,10,10,"http://localhost:8080/api/route1?id=1,2,3,4,5,6",80,0,1
1666289293086,78,Route 1,200,OK,Thread Group 1 1-1,text,true,,178,144,10,10,"http://localhost:8080/api/route1?id=1,2,3,4,5,6",78,0,2
1666289293097,69,Route 1,200,OK,Thread Group 1 1-8,text,true,,178,144,10,10,"http://localhost:8080/api/route1?id=1,2,3,4,5,6",69,0,1
1666289293121,49,Route 1,200,OK,Thread Group 1 1-6,text,true,,178,144,10,10,"http://localhost:8080/api/route1?id=1,2,3,4,5,6",49,0,1
1666289293128,46,Route 1,200,OK,Thread Group 1 1-10,text,true,,178,144,10,10,"http://localhost:8080/api/route1?id=1,2,3,4,5,6",46,0,1
1666289293137,38,Route 1,200,OK,Thread Group 1 1-7,text,true,,178,144,10,10,"http://localhost:8080/api/route1?id=1,2,3,4,5,6",37,0,2
1666289293138,37,Route 1,200,OK,Thread Group 1 1-5,text,true,,178,144,10,10,"http://localhost:8080/api/route1?id=1,2,3,4,5,6",37,0,2
1666289293152,47,Route 1,200,OK,Thread Group 1 1-3,text,true,,178,144,10,10,"http://localhost:8080/api/route1?id=1,2,3,4,5,6",46,0,1
1666289293193,123,Route 1,200,OK,Thread Group 1 1-9,text,true,,178,144,10,10,"http://localhost:8080/api/route1?id=1,2,3,4,5,6",123,0,1
1666289293229,105,Route 1,200,OK,Thread Group 1 1-4,text,true,,178,144,10,10,"http://localhost:8080/api/route1?id=1,2,3,4,5,6",105,0,1
1666289293240,104,Route 1,200,OK,Thread Group 1 1-2,text,true,,178,144,10,10,"http://localhost:8080/api/route1?id=1,2,3,4,5,6",103,0,1
1666289293256,92,Route 1,200,OK,Thread Group 1 1-8,text,true,,178,144,10,10,"http://localhost:8080/api/route1?id=1,2,3,4,5,6",91,0,1
1666289293256,92,Route 1,200,OK,Thread Group 1 1-1,text,true,,178,144,10,10,"http://localhost:8080/api/route1?id=1,2,3,4,5,6",92,0,1
1666289293270,82,Route 1,200,OK,Thread Group 1 1-6,text,true,,178,144,10,10,"http://localhost:8080/api/route1?id=1,2,3,4,5,6",82,0,1
1666289293295,62,Route 1,200,OK,Thread Group 1 1-10,text,true,,178,144,10,10,"http://localhost:8080/api/route1?id=1,2,3,4,5,6",62,0,1
1666289293298,59,Route 1,200,OK,Thread Group 1 1-5,text,true,,178,144,10,10,"http://localhost:8080/api/route1?id=1,2,3,4,5,6",59,0,1
1666289293314,53,Route 1,200,OK,Thread Group 1 1-7,text,true,,178,144,10,10,"http://localhost:8080/api/route1?id=1,2,3,4,5,6",53,0,2
1666289293338,55,Route 1,200,OK,Thread Group 1 1-3,text,true,,178,144,10,10,"http://localhost:8080/api/route1?id=1,2,3,4,5,6",55,0,1
1666289293388,117,Route 1,200,OK,Thread Group 1 1-4,text,true,,178,144,10,10,"http://localhost:8080/api/route1?id=1,2,3,4,5,6",117,0,1
1666289293388,129,Route 1,200,OK,Thread Group 1 1-9,text,true,,178,144,10,10,"http://localhost:8080/api/route1?id=1,2,3,4,5,6",128,0,1
1666289293418,100,Route 1,200,OK,Thread Group 1 1-2,text,true,,178,144,10,10,"http://localhost:8080/api/route1?id=1,2,3,4,5,6",100,0,2
1666289293432,93,Route 1,200,OK,Thread Group 1 1-8,text,true,,178,144,10,10,"http://localhost:8080/api/route1?id=1,2,3,4,5,6",92,0,1
1666289293474,52,Route 1,200,OK,Thread Group 1 1-1,text,true,,178,144,10,10,"http://localhost:8080/api/route1?id=1,2,3,4,5,6",52,0,1
1666289293494,38,Route 1,200,OK,Thread Group 1 1-10,text,true,,178,144,10,10,"http://localhost:8080/api/route1?id=1,2,3,4,5,6",38,0,1
1666289293493,44,Route 1,200,OK,Thread Group 1 1-5,text,true,,178,144,10,10,"http://localhost:8080/api/route1?id=1,2,3,4,5,6",43,0,2
1666289293494,46,Route 1,200,OK,Thread Group 1 1-6,text,true,,178,144,10,10,"http://localhost:8080/api/route1?id=1,2,3,4,5,6",46,0,2
1666289293499,53,Route 1,200,OK,Thread Group 1 1-7,text,true,,178,144,10,10,"http://localhost:8080/api/route1?id=1,2,3,4,5,6",53,0,1
1666289293525,96,Route 1,200,OK,Thread Group 1 1-3,text,true,,178,144,10,10,"http://localhost:8080/api/route1?id=1,2,3,4,5,6",96,0,1
1666289293586,101,Route 1,200,OK,Thread Group 1 1-4,text,true,,178,144,10,10,"http://localhost:8080/api/route1?id=1,2,3,4,5,6",101,0,1
1666289293598,89,Route 1,200,OK,Thread Group 1 1-9,text,true,,178,144,10,10,"http://localhost:8080/api/route1?id=1,2,3,4,5,6",89,0,1
1666289293604,87,Route 1,200,OK,Thread Group 1 1-8,text,true,,178,144,10,10,"http://localhost:8080/api/route1?id=1,2,3,4,5,6",87,0,1
1666289293644,67,Route 1,200,OK,Thread Group 1 1-2,text,true,,178,144,10,10,"http://localhost:8080/api/route1?id=1,2,3,4,5,6",67,0,1
1666289293652,63,Route 1,200,OK,Thread Group 1 1-1,text,true,,178,144,10,10,"http://localhost:8080/api/route1?id=1,2,3,4,5,6",63,0,1
1666289293669,49,Route 1,200,OK,Thread Group 1 1-5,text,true,,178,144,10,10,"http://localhost:8080/api/route1?id=1,2,3,4,5,6",49,0,1
1666289293678,44,Route 1,200,OK,Thread Group 1 1-10,text,true,,178,144,10,10,"http://localhost:8080/api/route1?id=1,2,3,4,5,6",44,0,1
1666289293683,39,Route 1,200,OK,Thread Group 1 1-6,text,true,,178,144,10,10,"http://localhost:8080/api/route1?id=1,2,3,4,5,6",39,0,1
1666289293684,43,Route 1,200,OK,Thread Group 1 1-7,text,true,,178,144,10,10,"http://localhost:8080/api/route1?id=1,2,3,4,5,6",43,0,1
1666289293708,68,Route 1,200,OK,Thread Group 1 1-3,text,true,,178,144,10,10,"http://localhost:8080/api/route1?id=1,2,3,4,5,6",68,0,1
1666289293753,119,Route 1,200,OK,Thread Group 1 1-9,text,true,,178,144,10,10,"http://localhost:8080/api/route1?id=1,2,3,4,5,6",119,0,1
1666289293774,111,Route 1,200,OK,Thread Group 1 1-4,text,true,,178,144,10,10,"http://localhost:8080/api/route1?id=1,2,3,4,5,6",111,0,1
1666289293776,117,Route 1,200,OK,Thread Group 1 1-8,text,true,,178,144,10,10,"http://localhost:8080/api/route1?id=1,2,3,4,5,6",117,0,1
1666289293815,84,Route 1,200,OK,Thread Group 1 1-1,text,true,,178,144,10,10,"http://localhost:8080/api/route1?id=1,2,3,4,5,6",84,0,1
1666289293815,86,Route 1,200,OK,Thread Group 1 1-2,text,true,,178,144,10,10,"http://localhost:8080/api/route1?id=1,2,3,4,5,6",86,0,1
1666289293840,65,Route 1,200,OK,Thread Group 1 1-5,text,true,,178,144,10,10,"http://localhost:8080/api/route1?id=1,2,3,4,5,6",65,0,1
1666289293866,40,Route 1,200,OK,Thread Group 1 1-6,text,true,,178,144,10,10,"http://localhost:8080/api/route1?id=1,2,3,4,5,6",40,0,1
1666289293869,41,Route 1,200,OK,Thread Group 1 1-10,text,true,,178,144,10,10,"http://localhost:8080/api/route1?id=1,2,3,4,5,6",40,0,1
1666289293880,48,Route 1,200,OK,Thread Group 1 1-7,text,true,,178,144,10,10,"http://localhost:8080/api/route1?id=1,2,3,4,5,6",48,0,1
1666289293899,66,Route 1,200,OK,Thread Group 1 1-3,text,true,,178,144,10,10,"http://localhost:8080/api/route1?id=1,2,3,4,5,6",66,0,1
1666289293928,127,Route 1,200,OK,Thread Group 1 1-9,text,true,,178,144,9,9,"http://localhost:8080/api/route1?id=1,2,3,4,5,6",127,0,1
1666289293965,95,Route 1,200,OK,Thread Group 1 1-4,text,true,,178,144,9,9,"http://localhost:8080/api/route1?id=1,2,3,4,5,6",95,0,1
1666289293971,113,Route 1,200,OK,Thread Group 1 1-8,text,true,,178,144,9,9,"http://localhost:8080/api/route1?id=1,2,3,4,5,6",113,0,2
1666289294021,66,Route 1,200,OK,Thread Group 1 1-2,text,true,,178,144,9,9,"http://localhost:8080/api/route1?id=1,2,3,4,5,6",66,0,1
1666289294034,58,Route 1,200,OK,Thread Group 1 1-5,text,true,,178,144,9,9,"http://localhost:8080/api/route1?id=1,2,3,4,5,6",58,0,1
1666289294037,56,Route 1,200,OK,Thread Group 1 1-6,text,true,,178,144,9,9,"http://localhost:8080/api/route1?id=1,2,3,4,5,6",56,0,1
1666289294043,61,Route 1,200,OK,Thread Group 1 1-10,text,true,,178,144,9,9,"http://localhost:8080/api/route1?id=1,2,3,4,5,6",61,0,1
1666289294060,66,Route 1,200,OK,Thread Group 1 1-7,text,true,,178,144,9,9,"http://localhost:8080/api/route1?id=1,2,3,4,5,6",66,0,1
1666289294080,50,Route 1,200,OK,Thread Group 1 1-3,text,true,,178,144,9,9,"http://localhost:8080/api/route1?id=1,2,3,4,5,6",50,0,2
1666289294122,91,Route 1,200,OK,Thread Group 1 1-9,text,true,,178,144,9,9,"http://localhost:8080/api/route1?id=1,2,3,4,5,6",90,0,2
1666289294123,99,Route 1,200,OK,Thread Group 1 1-4,text,true,,178,144,9,9,"http://localhost:8080/api/route1?id=1,2,3,4,5,6",99,0,1
1666289294150,100,Route 1,200,OK,Thread Group 1 1-8,text,true,,178,144,9,9,"http://localhost:8080/api/route1?id=1,2,3,4,5,6",100,0,1
1666289294165,89,Route 1,200,OK,Thread Group 1 1-2,text,true,,178,144,9,9,"http://localhost:8080/api/route1?id=1,2,3,4,5,6",88,0,1
1666289294176,85,Route 1,200,OK,Thread Group 1 1-5,text,true,,178,144,9,9,"http://localhost:8080/api/route1?id=1,2,3,4,5,6",85,0,1
1666289294204,58,Route 1,200,OK,Thread Group 1 1-6,text,true,,178,144,9,9,"http://localhost:8080/api/route1?id=1,2,3,4,5,6",58,0,1
1666289294211,55,Route 1,200,OK,Thread Group 1 1-10,text,true,,178,144,9,9,"http://localhost:8080/api/route1?id=1,2,3,4,5,6",55,0,2
1666289294246,52,Route 1,200,OK,Thread Group 1 1-7,text,true,,178,144,9,9,"http://localhost:8080/api/route1?id=1,2,3,4,5,6",51,0,1
1666289294249,53,Route 1,200,OK,Thread Group 1 1-3,text,true,,178,144,9,9,"http://localhost:8080/api/route1?id=1,2,3,4,5,6",53,0,1
1666289294281,90,Route 1,200,OK,Thread Group 1 1-9,text,true,,178,144,9,9,"http://localhost:8080/api/route1?id=1,2,3,4,5,6",90,0,1
1666289294302,102,Route 1,200,OK,Thread Group 1 1-4,text,true,,178,144,9,9,"http://localhost:8080/api/route1?id=1,2,3,4,5,6",102,0,1
1666289294326,82,Route 1,200,OK,Thread Group 1 1-8,text,true,,178,144,9,9,"http://localhost:8080/api/route1?id=1,2,3,4,5,6",82,0,2
1666289294328,86,Route 1,200,OK,Thread Group 1 1-2,text,true,,178,144,9,9,"http://localhost:8080/api/route1?id=1,2,3,4,5,6",86,0,2
1666289294364,50,Route 1,200,OK,Thread Group 1 1-6,text,true,,178,144,9,9,"http://localhost:8080/api/route1?id=1,2,3,4,5,6",50,0,2
1666289294367,48,Route 1,200,OK,Thread Group 1 1-5,text,true,,178,144,9,9,"http://localhost:8080/api/route1?id=1,2,3,4,5,6",48,0,1
1666289294370,50,Route 1,200,OK,Thread Group 1 1-10,text,true,,178,144,9,9,"http://localhost:8080/api/route1?id=1,2,3,4,5,6",49,0,2
1666289294385,50,Route 1,200,OK,Thread Group 1 1-7,text,true,,178,144,9,9,"http://localhost:8080/api/route1?id=1,2,3,4,5,6",50,0,1
1666289294404,53,Route 1,200,OK,Thread Group 1 1-3,text,true,,178,144,9,9,"http://localhost:8080/api/route1?id=1,2,3,4,5,6",53,0,1
1666289294441,109,Route 1,200,OK,Thread Group 1 1-9,text,true,,178,144,9,9,"http://localhost:8080/api/route1?id=1,2,3,4,5,6",109,0,1
1666289294464,100,Route 1,200,OK,Thread Group 1 1-4,text,true,,178,144,9,9,"http://localhost:8080/api/route1?id=1,2,3,4,5,6",100,0,1
1666289294479,90,Route 1,200,OK,Thread Group 1 1-8,text,true,,178,144,9,9,"http://localhost:8080/api/route1?id=1,2,3,4,5,6",89,0,1
1666289294510,62,Route 1,200,OK,Thread Group 1 1-2,text,true,,178,144,9,9,"http://localhost:8080/api/route1?id=1,2,3,4,5,6",62,0,2
1666289294516,59,Route 1,200,OK,Thread Group 1 1-5,text,true,,178,144,9,9,"http://localhost:8080/api/route1?id=1,2,3,4,5,6",59,0,2
1666289294533,45,Route 1,200,OK,Thread Group 1 1-6,text,true,,178,144,9,9,"http://localhost:8080/api/route1?id=1,2,3,4,5,6",45,0,1
1666289294544,41,Route 1,200,OK,Thread Group 1 1-10,text,true,,178,144,9,9,"http://localhost:8080/api/route1?id=1,2,3,4,5,6",41,0,1
1666289294545,40,Route 1,200,OK,Thread Group 1 1-7,text,true,,178,144,9,9,"http://localhost:8080/api/route1?id=1,2,3,4,5,6",40,0,1
1666289294565,39,Route 1,200,OK,Thread Group 1 1-3,text,true,,178,144,9,9,"http://localhost:8080/api/route1?id=1,2,3,4,5,6",39,0,1
1666289294605,124,Route 1,200,OK,Thread Group 1 1-9,text,true,,178,144,9,9,"http://localhost:8080/api/route1?id=1,2,3,4,5,6",124,0,1
1666289294648,88,Route 1,200,OK,Thread Group 1 1-4,text,true,,178,144,9,9,"http://localhost:8080/api/route1?id=1,2,3,4,5,6",88,0,1
1666289294647,94,Route 1,200,OK,Thread Group 1 1-8,text,true,,178,144,9,9,"http://localhost:8080/api/route1?id=1,2,3,4,5,6",94,0,2
1666289294659,85,Route 1,200,OK,Thread Group 1 1-2,text,true,,178,144,9,9,"http://localhost:8080/api/route1?id=1,2,3,4,5,6",85,0,1
1666289294678,73,Route 1,200,OK,Thread Group 1 1-5,text,true,,178,144,9,9,"http://localhost:8080/api/route1?id=1,2,3,4,5,6",73,0,1
1666289294698,54,Route 1,200,OK,Thread Group 1 1-6,text,true,,178,144,9,9,"http://localhost:8080/api/route1?id=1,2,3,4,5,6",54,0,1
1666289294709,49,Route 1,200,OK,Thread Group 1 1-10,text,true,,178,144,9,9,"http://localhost:8080/api/route1?id=1,2,3,4,5,6",49,0,1
1666289294728,35,Route 1,200,OK,Thread Group 1 1-3,text,true,,178,144,9,9,"http://localhost:8080/api/route1?id=1,2,3,4,5,6",34,0,2
1666289294731,38,Route 1,200,OK,Thread Group 1 1-7,text,true,,178,144,9,9,"http://localhost:8080/api/route1?id=1,2,3,4,5,6",38,0,1
1666289294794,119,Route 1,200,OK,Thread Group 1 1-9,text,true,,178,144,8,8,"http://localhost:8080/api/route1?id=1,2,3,4,5,6",118,0,1
1666289294795,121,Route 1,200,OK,Thread Group 1 1-4,text,true,,178,144,8,8,"http://localhost:8080/api/route1?id=1,2,3,4,5,6",121,0,1
1666289294824,98,Route 1,200,OK,Thread Group 1 1-8,text,true,,178,144,8,8,"http://localhost:8080/api/route1?id=1,2,3,4,5,6",98,0,1
1666289294842,82,Route 1,200,OK,Thread Group 1 1-5,text,true,,178,144,8,8,"http://localhost:8080/api/route1?id=1,2,3,4,5,6",82,0,1
1666289294865,65,Route 1,200,OK,Thread Group 1 1-6,text,true,,178,144,8,8,"http://localhost:8080/api/route1?id=1,2,3,4,5,6",65,0,1
1666289294901,30,Route 1,200,OK,Thread Group 1 1-10,text,true,,178,144,8,8,"http://localhost:8080/api/route1?id=1,2,3,4,5,6",30,0,2
1666289294902,30,Route 1,200,OK,Thread Group 1 1-3,text,true,,178,144,8,8,"http://localhost:8080/api/route1?id=1,2,3,4,5,6",30,0,1
1666289294908,27,Route 1,200,OK,Thread Group 1 1-7,text,true,,178,144,8,8,"http://localhost:8080/api/route1?id=1,2,3,4,5,6",27,0,1
1666289294961,96,Route 1,200,OK,Thread Group 1 1-9,text,true,,178,144,8,8,"http://localhost:8080/api/route1?id=1,2,3,4,5,6",96,0,1
1666289294981,86,Route 1,200,OK,Thread Group 1 1-4,text,true,,178,144,8,8,"http://localhost:8080/api/route1?id=1,2,3,4,5,6",86,0,1
1666289295012,55,Route 1,200,OK,Thread Group 1 1-5,text,true,,178,144,8,8,"http://localhost:8080/api/route1?id=1,2,3,4,5,6",55,0,1
1666289294995,73,Route 1,200,OK,Thread Group 1 1-8,text,true,,178,144,8,8,"http://localhost:8080/api/route1?id=1,2,3,4,5,6",72,0,1
1666289295021,53,Route 1,200,OK,Thread Group 1 1-10,text,true,,178,144,8,8,"http://localhost:8080/api/route1?id=1,2,3,4,5,6",53,0,1
1666289295037,38,Route 1,200,OK,Thread Group 1 1-3,text,true,,178,144,8,8,"http://localhost:8080/api/route1?id=1,2,3,4,5,6",38,0,2
1666289295039,40,Route 1,200,OK,Thread Group 1 1-7,text,true,,178,144,8,8,"http://localhost:8080/api/route1?id=1,2,3,4,5,6",40,0,1
1666289295060,37,Route 1,200,OK,Thread Group 1 1-6,text,true,,178,144,8,8,"http://localhost:8080/api/route1?id=1,2,3,4,5,6",37,0,2
1666289295096,106,Route 1,200,OK,Thread Group 1 1-9,text,true,,178,144,8,8,"http://localhost:8080/api/route1?id=1,2,3,4,5,6",105,0,2
1666289295116,95,Route 1,200,OK,Thread Group 1 1-4,text,true,,178,144,8,8,"http://localhost:8080/api/route1?id=1,2,3,4,5,6",94,0,1
1666289295152,60,Route 1,200,OK,Thread Group 1 1-5,text,true,,178,144,8,8,"http://localhost:8080/api/route1?id=1,2,3,4,5,6",60,0,1
1666289295152,63,Route 1,200,OK,Thread Group 1 1-8,text,true,,178,144,8,8,"http://localhost:8080/api/route1?id=1,2,3,4,5,6",63,0,1
1666289295167,49,Route 1,200,OK,Thread Group 1 1-3,text,true,,178,144,8,8,"http://localhost:8080/api/route1?id=1,2,3,4,5,6",49,0,1
1666289295176,43,Route 1,200,OK,Thread Group 1 1-10,text,true,,178,144,8,8,"http://localhost:8080/api/route1?id=1,2,3,4,5,6",43,0,1
1666289295198,39,Route 1,200,OK,Thread Group 1 1-7,text,true,,178,144,8,8,"http://localhost:8080/api/route1?id=1,2,3,4,5,6",39,0,1
1666289295205,36,Route 1,200,OK,Thread Group 1 1-6,text,true,,178,144,8,8,"http://localhost:8080/api/route1?id=1,2,3,4,5,6",36,0,1
1666289295240,111,Route 1,200,OK,Thread Group 1 1-9,text,true,,178,144,7,7,"http://localhost:8080/api/route1?id=1,2,3,4,5,6",111,0,2
1666289295263,95,Route 1,200,OK,Thread Group 1 1-4,text,true,,178,144,7,7,"http://localhost:8080/api/route1?id=1,2,3,4,5,6",95,0,1
1666289295283,79,Route 1,200,OK,Thread Group 1 1-5,text,true,,178,144,7,7,"http://localhost:8080/api/route1?id=1,2,3,4,5,6",79,0,1
1666289295297,66,Route 1,200,OK,Thread Group 1 1-8,text,true,,178,144,7,7,"http://localhost:8080/api/route1?id=1,2,3,4,5,6",66,0,1
1666289295331,37,Route 1,200,OK,Thread Group 1 1-10,text,true,,178,144,7,7,"http://localhost:8080/api/route1?id=1,2,3,4,5,6",37,0,1
1666289295350,29,Route 1,200,OK,Thread Group 1 1-7,text,true,,178,144,7,7,"http://localhost:8080/api/route1?id=1,2,3,4,5,6",28,0,1
1666289295355,42,Route 1,200,OK,Thread Group 1 1-6,text,true,,178,144,7,7,"http://localhost:8080/api/route1?id=1,2,3,4,5,6",42,0,1
1666289295387,76,Route 1,200,OK,Thread Group 1 1-9,text,true,,178,144,7,7,"http://localhost:8080/api/route1?id=1,2,3,4,5,6",76,0,0
1666289295402,82,Route 1,200,OK,Thread Group 1 1-4,text,true,,178,144,7,7,"http://localhost:8080/api/route1?id=1,2,3,4,5,6",82,0,1
1666289295440,50,Route 1,200,OK,Thread Group 1 1-5,text,true,,178,144,7,7,"http://localhost:8080/api/route1?id=1,2,3,4,5,6",50,0,1
1666289295449,44,Route 1,200,OK,Thread Group 1 1-8,text,true,,178,144,7,7,"http://localhost:8080/api/route1?id=1,2,3,4,5,6",44,0,1
1666289295457,40,Route 1,200,OK,Thread Group 1 1-10,text,true,,178,144,7,7,"http://localhost:8080/api/route1?id=1,2,3,4,5,6",40,0,1
1666289295484,30,Route 1,200,OK,Thread Group 1 1-7,text,true,,178,144,7,7,"http://localhost:8080/api/route1?id=1,2,3,4,5,6",30,0,1
1666289295485,60,Route 1,200,OK,Thread Group 1 1-6,text,true,,178,144,6,6,"http://localhost:8080/api/route1?id=1,2,3,4,5,6",60,0,1
1666289295520,90,Route 1,200,OK,Thread Group 1 1-9,text,true,,178,144,6,6,"http://localhost:8080/api/route1?id=1,2,3,4,5,6",89,0,1
1666289295565,75,Route 1,200,OK,Thread Group 1 1-5,text,true,,178,144,6,6,"http://localhost:8080/api/route1?id=1,2,3,4,5,6",75,0,2
1666289295585,58,Route 1,200,OK,Thread Group 1 1-8,text,true,,178,144,6,6,"http://localhost:8080/api/route1?id=1,2,3,4,5,6",58,0,1
1666289295617,51,Route 1,200,OK,Thread Group 1 1-10,text,true,,178,144,6,6,"http://localhost:8080/api/route1?id=1,2,3,4,5,6",51,0,1
1666289295622,58,Route 1,200,OK,Thread Group 1 1-7,text,true,,178,144,6,6,"http://localhost:8080/api/route1?id=1,2,3,4,5,6",58,0,1
1666289295622,62,Route 1,200,OK,Thread Group 1 1-6,text,true,,178,144,6,6,"http://localhost:8080/api/route1?id=1,2,3,4,5,6",62,0,1
1666289295648,55,Route 1,200,OK,Thread Group 1 1-9,text,true,,178,144,5,5,"http://localhost:8080/api/route1?id=1,2,3,4,5,6",55,0,1
1666289295711,63,Route 1,200,OK,Thread Group 1 1-8,text,true,,178,144,5,5,"http://localhost:8080/api/route1?id=1,2,3,4,5,6",62,0,1
1666289295755,19,Route 1,200,OK,Thread Group 1 1-10,text,true,,178,144,5,5,"http://localhost:8080/api/route1?id=1,2,3,4,5,6",19,0,1
1666289295755,19,Route 1,200,OK,Thread Group 1 1-6,text,true,,178,144,5,5,"http://localhost:8080/api/route1?id=1,2,3,4,5,6",19,0,1
1666289295768,12,Route 1,200,OK,Thread Group 1 1-9,text,true,,178,144,5,5,"http://localhost:8080/api/route1?id=1,2,3,4,5,6",12,0,2
1666289295755,42,Route 1,200,OK,Thread Group 1 1-7,text,true,,178,144,5,5,"http://localhost:8080/api/route1?id=1,2,3,4,5,6",42,0,1
1666289295841,38,Route 1,200,OK,Thread Group 1 1-10,text,true,,178,144,4,4,"http://localhost:8080/api/route1?id=1,2,3,4,5,6",37,0,1
1666289295853,31,Route 1,200,OK,Thread Group 1 1-8,text,true,,178,144,4,4,"http://localhost:8080/api/route1?id=1,2,3,4,5,6",31,0,2
1666289295867,36,Route 1,200,OK,Thread Group 1 1-9,text,true,,178,144,4,4,"http://localhost:8080/api/route1?id=1,2,3,4,5,6",35,0,1
1666289295882,21,Route 1,200,OK,Thread Group 1 1-7,text,true,,178,144,4,4,"http://localhost:8080/api/route1?id=1,2,3,4,5,6",21,0,2
1666289295920,43,Route 1,200,OK,Thread Group 1 1-10,text,true,,178,144,3,3,"http://localhost:8080/api/route1?id=1,2,3,4,5,6",43,0,1
1666289295963,12,Route 1,200,OK,Thread Group 1 1-9,text,true,,178,144,3,3,"http://localhost:8080/api/route1?id=1,2,3,4,5,6",12,0,1
1666289295961,32,Route 1,200,OK,Thread Group 1 1-8,text,true,,178,144,3,3,"http://localhost:8080/api/route1?id=1,2,3,4,5,6",32,0,1
1666289296008,21,Route 1,200,OK,Thread Group 1 1-10,text,true,,178,144,3,3,"http://localhost:8080/api/route1?id=1,2,3,4,5,6",20,0,2
